[
  {
    "date": "2025-06-05",
    "title": "\ud83d\ude80 QuickSites soft launch",
    "body": "Claim, publish, remix, and grow your civic web presence \u2014 now in early access."
  },
  {
    "date": "2025-06-04",
    "title": "\ud83c\udfa8 Template Market open",
    "body": "First 4 starter packs seeded: Towing, Dental, Nonprofit, Solar."
  },
  {
    "date": "2025-06-03",
    "title": "\ud83d\udee1 Transparency + Forks tracking enabled",
    "body": "Every edit leaves a trail. Remix chains now visual."
  }
]